TY,AU,NI,PB,DA,SP,EP,T1,ID,TI,VL,OC,,
letter,"Acland, Henry W.",,Harvard University Botany Libraries, 1881-10-11,53003069,53003070,Asa Gray correspondence. Senders A,127690,"Acland, Henry W. Oct. 11, 1881",221343,878725232,,1
letter,"Acland, Henry W.",,Harvard University Botany Libraries, 1881-10-24,53003071,53003072,Asa Gray correspondence. Senders A,127690,"Acland, Henry W. Oct. 24, 1881",221343,878725232,,1
letter,"Acland, Thomas D.",,Harvard University Botany Libraries, 1887-07-13,53003073,53003076,Asa Gray correspondence. Senders A,127690,"Acland, Thomas D. July 13, 1887",221343,878725232,,1
letter,"Acland, Thomas D.",,Harvard University Botany Libraries, 1887-11-01,53003077,53003080,Asa Gray correspondence. Senders A,127690,"Acland, Thomas D. Nov. 1, 1887",221343,878725232,,1
letter,"Adair, D. L.",,Harvard University Botany Libraries, 1873-01-31,53003081,53003082,Asa Gray correspondence. Senders A,127690,"Adair, D. L. Jan. 31, 1873",221343,878725232,,1
letter,"Adams, Charles F., Jr.",,Harvard University Botany Libraries, 1882-12-20,53003083,53003084,Asa Gray correspondence. Senders A,127690,"Adams, Charles F., Jr. Dec. 20, 1882",221343,878725232,,1
letter,"Adams, Charles F., Jr.",[to S. Watson],Harvard University Botany Libraries, 1891-10-07,53003085,53003086,Asa Gray correspondence. Senders A,127690,"Adams, Charles F., Jr. Oct. 7, 1891 [to S. Watson]",221343,878725232,,1
letter,"Adams, Henry B.",,Harvard University Botany Libraries, 1871-04-22,53003087,53003088,Asa Gray correspondence. Senders A,127690,"Adams, Henry B. Apr. 22, 1871",221343,878725232,,1
letter,"Adams, Henry B.",,Harvard University Botany Libraries, 1874-04-08,53003089,53003090,Asa Gray correspondence. Senders A,127690,"Adams, Henry B. Apr. 8, 1874",221343,878725232,,1
letter,"Adams, John Q.",,Harvard University Botany Libraries, 1886-06-14,53003091,53003091,Asa Gray correspondence. Senders A,127690,"Adams, John Q. June 14, 1886",221343,878725232,,1
letter,"Agardh, Jakob G.",,Harvard University Botany Libraries, 1863-12-16,53003092,53003093,Asa Gray correspondence. Senders A,127690,"Agardh, Jakob G. Dec. 16, 1863",221343,878725232,,1
letter,"Agassiz, Alexander",,Harvard University Botany Libraries, 1873-12-29,53003094,53003094,Asa Gray correspondence. Senders A,127690,"Agassiz, Alexander Dec. 29, 1873",221343,878725232,,1
letter,"Agassiz, Alexander",,Harvard University Botany Libraries, 1874-06-02,53003095,53003095,Asa Gray correspondence. Senders A,127690,"Agassiz, Alexander June 2, 1874",221343,878725232,,1
letter,"Agassiz, Alexander",,Harvard University Botany Libraries,undated,53003096,53003099,Asa Gray correspondence. Senders A,127690,"Agassiz, Alexander undated",221343,878725232,,1
letter,"Agassiz, Alexander",,Harvard University Botany Libraries, 1886-11-22,53003100,53003100,Asa Gray correspondence. Senders A,127690,"Agassiz, Alexander Nov. 22, 1886",221343,878725232,,1
letter,"Agassiz, Elizabeth C.",,Harvard University Botany Libraries, 1886-01-05,53003101,53003102,Asa Gray correspondence. Senders A,127690,"Agassiz, Elizabeth C. Jan. 5, 1886",221343,878725232,,1
letter,"Agassiz, Louis",[Mon.],Harvard University Botany Libraries,undated,53003103,53003104,Asa Gray correspondence. Senders A,127690,"Agassiz, Louis undated [Mon.]",221343,878725232,,1
letter,"Agassiz, Louis",[Thurs.],Harvard University Botany Libraries,undated,53003105,53003106,Asa Gray correspondence. Senders A,127690,"Agassiz, Louis undated [Thurs.]",221343,878725232,,1
letter,"Allen, John A.",[to S. Watson],Harvard University Botany Libraries, 1889-07-26,53003107,53003108,Asa Gray correspondence. Senders A,127690,"Allen, John A. July 26, 1889 [to S. Watson]",221343,878725232,,1
letter,"Allen, John A.",[to S. Watson],Harvard University Botany Libraries, 1889-08-13,53003109,53003110,Asa Gray correspondence. Senders A,127690,"Allen, John A. Aug. 13, 1889 [to S. Watson]",221343,878725232,,1
letter,"Allen, John A.",[to S. Watson],Harvard University Botany Libraries, 1891-09-11,53003111,53003112,Asa Gray correspondence. Senders A,127690,"Allen, John A. Sept. 11, 1891 [to S. Watson]",221343,878725232,,1
letter,"Allen, John A.",[to S. Watson],Harvard University Botany Libraries, 1891-09-13,53003113,53003114,Asa Gray correspondence. Senders A,127690,"Allen, John A. Sept. 13, 1891 [to S. Watson]",221343,878725232,,1
letter,"Allen, John A.",[to S. Watson],Harvard University Botany Libraries, 1891-09-16,53003115,53003115,Asa Gray correspondence. Senders A,127690,"Allen, John A. Sept. 16, 1891 [to S. Watson]",221343,878725232,,1
letter,"Allen, Joel A.",,Harvard University Botany Libraries, 1873-10-14,53003116,53003117,Asa Gray correspondence. Senders A,127690,"Allen, Joel A. Oct. 14, 1873",221343,878725232,,1
letter,"Allen, Oscar D.",[to S. Watson],Harvard University Botany Libraries, 1882-02-18,53003118,53003119,Asa Gray correspondence. Senders A,127690,"Allen, Oscar D. Feb. 18, 1882 [to S. Watson]",221343,878725232,,1
letter,"Allen, Timothy F.",[to S. Watson],Harvard University Botany Libraries, 1880-01-30,53003120,53003121,Asa Gray correspondence. Senders A,127690,"Allen, Timothy F. Jan. 30, 1880 [to S. Watson]",221343,878725232,,1
letter,"Allen, Timothy F.",[to S. Watson],Harvard University Botany Libraries, 1881-02-01,53003122,53003122,Asa Gray correspondence. Senders A,127690,"Allen, Timothy F. Feb. 1, 1881 [to S. Watson]",221343,878725232,,1
letter,"Allen, Timothy F.",[to S. Watson],Harvard University Botany Libraries, 1882-03-27,53003123,53003123,Asa Gray correspondence. Senders A,127690,"Allen, Timothy F. Mar. 27, 1882 [to S. Watson]",221343,878725232,,1
letter,"Allen, Timothy F.",[to S. Watson],Harvard University Botany Libraries, 1889-08-19,53003124,53003125,Asa Gray correspondence. Senders A,127690,"Allen, Timothy F. Aug. 19, 1889 [to S. Watson]",221343,878725232,,1
letter,"Alvord, Benjamin",,Harvard University Botany Libraries, 1849-08-24,53003126,53003128,Asa Gray correspondence. Senders A,127690,"Alvord, Benjamin Aug. 24, 1849",221343,878725232,,1
letter,"Harrower, Henry D.",[to S. Watson],Harvard University Botany Libraries, 1890-10-07,53003129,53003129,Asa Gray correspondence. Senders A,127690,"Harrower, Henry D. Oct. 7, 1890 [to S. Watson]",221343,878725232,,1
letter,"Harrower, Henry D.",[to S. Watson],Harvard University Botany Libraries, 1890-10-07,53003130,53003130,Asa Gray correspondence. Senders A,127690,"Harrower, Henry D. Oct. 7, 1890 [to S. Watson]",221343,878725232,,1
letter,"Watson, Sereno",[memorandum],Harvard University Botany Libraries, 1890-10-10,53003131,53003132,Asa Gray correspondence. Senders A,127690,"Watson, Sereno Oct. 10, 1890 [memorandum]",221343,878725232,,1
letter,"Harrower, Henry D.",[to S. Watson],Harvard University Botany Libraries, 1890-10-11,53003133,53003135,Asa Gray correspondence. Senders A,127690,"Harrower, Henry D. Oct. 11, 1890 [to S. Watson]",221343,878725232,,1
letter,"Harrower, Henry D.",[to S. Watson],Harvard University Botany Libraries, 1890-10-14,53003136,53003137,Asa Gray correspondence. Senders A,127690,"Harrower, Henry D. Oct. 14, 1890 [to S. Watson]",221343,878725232,,1
letter,"Harrower, Henry D.",[to S. Watson],Harvard University Botany Libraries, 1890-10-17,53003138,53003140,Asa Gray correspondence. Senders A,127690,"Harrower, Henry D. Oct. 17, 1890 [to S. Watson]",221343,878725232,,1
letter,"Harrower, Henry D.",[to S. Watson],Harvard University Botany Libraries, 1890-11-14,53003141,53003141,Asa Gray correspondence. Senders A,127690,"Harrower, Henry D. Nov. 14, 1890 [to S. Watson]",221343,878725232,,1
letter,"Harrower, Henry D.",[to S. Watson],Harvard University Botany Libraries, 1891-03-17,53003142,53003144,Asa Gray correspondence. Senders A,127690,"Harrower, Henry D. Mar. 17, 1891 [to S. Watson]",221343,878725232,,1
letter,American Book Co.,[to the Estate of Asa Gray],Harvard University Botany Libraries, 1891-05-04,53003145,53003145,Asa Gray correspondence. Senders A,127690,"American Book Co. May 4, 1891 [to the Estate of Asa Gray]",221343,878725232,,1
letter,American Book Co.,[to S. Watson],Harvard University Botany Libraries, 1891-06-10,53003146,53003146,Asa Gray correspondence. Senders A,127690,"American Book Co. June 10, 1891 [to S. Watson]",221343,878725232,,1
letter,"Ames, Mary E.",,Harvard University Botany Libraries, 1875-07-06,53003147,53003148,Asa Gray correspondence. Senders A,127690,"Ames, Mary E. July 6, 1875",221343,878725232,,1
letter,"Ames, Mary E.",,Harvard University Botany Libraries, 1875-08-16,53003149,53003150,Asa Gray correspondence. Senders A,127690,"Ames, Mary E. Aug. 16, 1875",221343,878725232,,1
letter,"Ames, Mary E.",[to G. E. Davenport],Harvard University Botany Libraries, 1876-04-08,53003151,53003152,Asa Gray correspondence. Senders A,127690,"Ames, Mary E. Apr. 8, 1876 [to G. E. Davenport]",221343,878725232,,1
letter,"Ames, Mary E.",[to S. Watson],Harvard University Botany Libraries, 1876-05-23,53003153,53003154,Asa Gray correspondence. Senders A,127690,"Ames, Mary E. May 23, 1876 [to S. Watson]",221343,878725232,,1
letter,"Ames, Mary E.",[to S. Watson],Harvard University Botany Libraries, 1876-06-24,53003155,53003156,Asa Gray correspondence. Senders A,127690,"Ames, Mary E. June 24, 1876 [to S. Watson]",221343,878725232,,1
letter,"Ames, Mary E.",,Harvard University Botany Libraries, 1886-06-21,53003157,53003158,Asa Gray correspondence. Senders A,127690,"Ames, Mary E. June 21, 1886",221343,878725232,,1
letter,"Ames, Mary E.",[to S. Watson],Harvard University Botany Libraries, 1890-07-24,53003159,53003159,Asa Gray correspondence. Senders A,127690,"Ames, Mary E. July 24, 1890 [to S. Watson]",221343,878725232,,1
letter,"Ames, Mary E.",[to S. Watson],Harvard University Botany Libraries, 1891-12-01,53003160,53003161,Asa Gray correspondence. Senders A,127690,"Ames, Mary E. Dec. 1, 1891 [to S. Watson]",221343,878725232,,1
letter,"Anderson, Charles L.",,Harvard University Botany Libraries, 1864-03-09,53003162,53003162,Asa Gray correspondence. Senders A,127690,"Anderson, Charles L. Mar. 9, 1864",221343,878725232,,1
letter,"Anderson, Charles L.",,Harvard University Botany Libraries, 1866-04-14,53003163,53003164,Asa Gray correspondence. Senders A,127690,"Anderson, Charles L. Apr. 14, 1866",221343,878725232,,1
letter,"Anderson, Charles L.",,Harvard University Botany Libraries, 1873-04-25,53003165,53003166,Asa Gray correspondence. Senders A,127690,"Anderson, Charles L. Apr. 25, 1873",221343,878725232,,1
letter,"Anderson, Charles L.",,Harvard University Botany Libraries, 1873-04-29,53003167,53003168,Asa Gray correspondence. Senders A,127690,"Anderson, Charles L. Apr. 29, 1873",221343,878725232,,1
letter,"Anderson, Charles L.",,Harvard University Botany Libraries, 1875-09-02,53003169,53003170,Asa Gray correspondence. Senders A,127690,"Anderson, Charles L. Sept. 2, 1875",221343,878725232,,1
letter,"Anderson, Charles L.",,Harvard University Botany Libraries, 1876-02-15,53003171,53003172,Asa Gray correspondence. Senders A,127690,"Anderson, Charles L. Feb. 15, 1876",221343,878725232,,1
letter,"Anderson, Charles L.",,Harvard University Botany Libraries, 1877-10-15,53003173,53003176,Asa Gray correspondence. Senders A,127690,"Anderson, Charles L. Oct. 15, 1877",221343,878725232,,1
letter,"Anderson, Charles L.",[to J. Gray],Harvard University Botany Libraries, 1888-12-03,53003177,53003179,Asa Gray correspondence. Senders A,127690,"Anderson, Charles L. Dec. 3, 1888 [to J. Gray]",221343,878725232,,1
letter,"Anderson, Frederick W.",[to S. Watson],Harvard University Botany Libraries, 1889-07-06,53003180,53003180,Asa Gray correspondence. Senders A,127690,"Anderson, Frederick W. July 6, 1889 [to S. Watson]",221343,878725232,,1
letter,"Anderson, Rufus",,Harvard University Botany Libraries, 1837-02-01,53003181,53003183,Asa Gray correspondence. Senders A,127690,"Anderson, Rufus Feb. 1, 1837",221343,878725232,,1
letter,"Anderson, Rufus",,Harvard University Botany Libraries, 1837-12-05,53003184,53003185,Asa Gray correspondence. Senders A,127690,"Anderson, Rufus Dec. 5, 1837",221343,878725232,,1
letter,"Andersson, Nils J.",,Harvard University Botany Libraries, 1857-02-17,53003186,53003188,Asa Gray correspondence. Senders A,127690,"Andersson, Nils J. Feb. 17, 1857",221343,878725232,,1
letter,"Andersson, Nils J.",,Harvard University Botany Libraries, 1857-06-02,53003189,53003191,Asa Gray correspondence. Senders A,127690,"Andersson, Nils J. June 2, 1857",221343,878725232,,1
letter,"Andersson, Nils J.",,Harvard University Botany Libraries, 1857-12-02,53003192,53003194,Asa Gray correspondence. Senders A,127690,"Andersson, Nils J. Dec. 2, 1857",221343,878725232,,1
letter,"Andersson, Nils J.",,Harvard University Botany Libraries, 1858-02-18,53003195,53003197,Asa Gray correspondence. Senders A,127690,"Andersson, Nils J. Feb. 18, 1858",221343,878725232,,1
letter,"Andersson, Nils J.",[draft],Harvard University Botany Libraries,[1858],53003198,53003221,Asa Gray correspondence. Senders A,127690,"Andersson, Nils J. [1858] [draft]",221343,878725232,,1
letter,"Andersson, Nils J.",,Harvard University Botany Libraries, 1858-03-06,53003222,53003223,Asa Gray correspondence. Senders A,127690,"Andersson, Nils J. Mar. 6, 1858",221343,878725232,,1
letter,"Andersson, Nils J.",,Harvard University Botany Libraries, 1858-04-22,53003224,53003226,Asa Gray correspondence. Senders A,127690,"Andersson, Nils J. Apr. 22, 1858",221343,878725232,,1
letter,"Andersson, Nils J.",,Harvard University Botany Libraries, 1858-05-14,53003227,53003228,Asa Gray correspondence. Senders A,127690,"Andersson, Nils J. May 14, 1858",221343,878725232,,1
letter,"Andersson, Nils J.",,Harvard University Botany Libraries, 1858-07-05,53003229,53003230,Asa Gray correspondence. Senders A,127690,"Andersson, Nils J. July 5, 1858",221343,878725232,,1
letter,"Andersson, Nils J.",,Harvard University Botany Libraries, 1858-09-07,53003231,53003232,Asa Gray correspondence. Senders A,127690,"Andersson, Nils J. Sept. 7, 1858",221343,878725232,,1
letter,"Andersson, Nils J.",,Harvard University Botany Libraries, 1858-09-12,53003233,53003235,Asa Gray correspondence. Senders A,127690,"Andersson, Nils J. Sept. 12, 1858",221343,878725232,,1
letter,"Andersson, Nils J.",,Harvard University Botany Libraries, 1858-10-21,53003236,53003237,Asa Gray correspondence. Senders A,127690,"Andersson, Nils J. Oct. 21, 1858",221343,878725232,,1
letter,"Andersson, Nils J.",,Harvard University Botany Libraries, 1859-01-13,53003238,53003240,Asa Gray correspondence. Senders A,127690,"Andersson, Nils J. Jan. 13, 1859",221343,878725232,,1
letter,"Andersson, Nils J.",[draft],Harvard University Botany Libraries, 1859-02-13,53003241,53003245,Asa Gray correspondence. Senders A,127690,"Andersson, Nils J. Feb. 13, 1859 [draft]",221343,878725232,,1
letter,"Andersson, Nils J.",,Harvard University Botany Libraries, 1859-02-14,53003246,53003248,Asa Gray correspondence. Senders A,127690,"Andersson, Nils J. Feb. 14, 1859",221343,878725232,,1
letter,"Andersson, Nils J.",,Harvard University Botany Libraries, 1859-05-01,53003249,53003250,Asa Gray correspondence. Senders A,127690,"Andersson, Nils J. May 1, 1859",221343,878725232,,1
letter,"Andersson, Nils J.",,Harvard University Botany Libraries, 1859-06-03,53003251,53003252,Asa Gray correspondence. Senders A,127690,"Andersson, Nils J. June 3, 1859",221343,878725232,,1
letter,"Andersson, Nils J.",,Harvard University Botany Libraries, 1860-08-08,53003253,53003254,Asa Gray correspondence. Senders A,127690,"Andersson, Nils J. Aug. 8, 1860",221343,878725232,,1
letter,"Andersson, Nils J.",,Harvard University Botany Libraries, 1861-09-27,53003255,53003256,Asa Gray correspondence. Senders A,127690,"Andersson, Nils J. Sept. 27, 1861",221343,878725232,,1
letter,"Andersson, Nils J.",,Harvard University Botany Libraries, 1861-12-30,53003257,53003258,Asa Gray correspondence. Senders A,127690,"Andersson, Nils J. Dec. 30, 1861",221343,878725232,,1
letter,"Andersson, Nils J.",,Harvard University Botany Libraries, 1865-07-25,53003259,53003260,Asa Gray correspondence. Senders A,127690,"Andersson, Nils J. July 25, 1865",221343,878725232,,1
letter,"Andersson, Nils J.",,Harvard University Botany Libraries, 1865-10-19,53003261,53003262,Asa Gray correspondence. Senders A,127690,"Andersson, Nils J. Oct. 19, 1865",221343,878725232,,1
letter,"Andersson, Nils J.",,Harvard University Botany Libraries, 1866-01-04,53003263,53003264,Asa Gray correspondence. Senders A,127690,"Andersson, Nils J. Jan. 4, 1866",221343,878725232,,1
letter,"Andersson, Nils J.",,Harvard University Botany Libraries, 1868-05-26,53003265,53003266,Asa Gray correspondence. Senders A,127690,"Andersson, Nils J. May 26, 1868",221343,878725232,,1
letter,"Andersson, Nils J.",,Harvard University Botany Libraries, 1868-10-10,53003267,53003268,Asa Gray correspondence. Senders A,127690,"Andersson, Nils J. Oct. 10, 1868",221343,878725232,,1
letter,"Andersson, Nils J.",,Harvard University Botany Libraries, 1869-10-16,53003269,53003270,Asa Gray correspondence. Senders A,127690,"Andersson, Nils J. Oct. 16, 1869",221343,878725232,,1
letter,"Andersson, Nils J.",,Harvard University Botany Libraries, 1870-05-05,53003271,53003272,Asa Gray correspondence. Senders A,127690,"Andersson, Nils J. May 5, 1870",221343,878725232,,1
letter,"Andersson, Nils J.",,Harvard University Botany Libraries, 1872-05-09,53003273,53003275,Asa Gray correspondence. Senders A,127690,"Andersson, Nils J. May 9, 1872",221343,878725232,,1
letter,"Andersson, Nils J.",,Harvard University Botany Libraries, 1874-08-03,53003276,53003277,Asa Gray correspondence. Senders A,127690,"Andersson, Nils J. Aug. 3, 1874",221343,878725232,,1
letter,"André, Édouard F.",,Harvard University Botany Libraries, 1880-05-21,53003278,53003279,Asa Gray correspondence. Senders A,127690,"André, Édouard F. May 21, 1880",221343,878725232,,1
letter,"André, Édouard F.",[to S. Watson],Harvard University Botany Libraries, 1890-02-03,53003280,53003281,Asa Gray correspondence. Senders A,127690,"André, Édouard F. Feb. 3, 1890 [to S. Watson]",221343,878725232,,1
letter,"Andrews, Ebenezer B.",,Harvard University Botany Libraries, 1876-07-31,53003282,53003283,Asa Gray correspondence. Senders A,127690,"Andrews, Ebenezer B. July 31, 1876",221343,878725232,,1
letter,"Andrews, William E.",[c. 1890] [fragment],Harvard University Botany Libraries,undated,53003284,53003284,Asa Gray correspondence. Senders A,127690,"Andrews, William E. undated [c. 1890] [fragment]",221343,878725232,,1
letter,D. Appleton & Co.,,Harvard University Botany Libraries, 1859-01-19,53003285,53003285,Asa Gray correspondence. Senders A,127690,"D. Appleton & Co. Jan. 19, 1859",221343,878725232,,1
letter,D. Appleton & Co.,,Harvard University Botany Libraries, 1860-02-07,53003286,53003287,Asa Gray correspondence. Senders A,127690,"D. Appleton & Co. Feb. 7, 1860",221343,878725232,,1
letter,D. Appleton & Co.,[receipt],Harvard University Botany Libraries, 1877-03-08,53003288,53003289,Asa Gray correspondence. Senders A,127690,"D. Appleton & Co. Mar. 8, 1877 [receipt]",221343,878725232,,1
letter,D. Appleton & Co.,[receipt],Harvard University Botany Libraries, 1877-08-01,53003290,53003291,Asa Gray correspondence. Senders A,127690,"D. Appleton & Co. Aug. 1, 1877 [receipt]",221343,878725232,,1
letter,D. Appleton & Co.,[receipt],Harvard University Botany Libraries, 1878-02-01,53003292,53003293,Asa Gray correspondence. Senders A,127690,"D. Appleton & Co. Feb. 1, 1878 [receipt]",221343,878725232,,1
letter,D. Appleton & Co.,[receipt],Harvard University Botany Libraries, 1879-02-01,53003294,53003295,Asa Gray correspondence. Senders A,127690,"D. Appleton & Co. Feb. 1, 1879 [receipt]",221343,878725232,,1
letter,D. Appleton & Co.,[receipt],Harvard University Botany Libraries, 1880-02-01,53003296,53003297,Asa Gray correspondence. Senders A,127690,"D. Appleton & Co. Feb. 1, 1880 [receipt]",221343,878725232,,1
letter,D. Appleton & Co.,[receipt],Harvard University Botany Libraries, 1881-02-01,53003298,53003299,Asa Gray correspondence. Senders A,127690,"D. Appleton & Co. Feb. 1, 1881 [receipt]",221343,878725232,,1
letter,D. Appleton & Co.,[receipt],Harvard University Botany Libraries, 1882-02-01,53003300,53003301,Asa Gray correspondence. Senders A,127690,"D. Appleton & Co. Feb. 1, 1882 [receipt]",221343,878725232,,1
letter,D. Appleton & Co.,[receipt],Harvard University Botany Libraries, 1883-02-01,53003302,53003303,Asa Gray correspondence. Senders A,127690,"D. Appleton & Co. Feb. 1, 1883 [receipt]",221343,878725232,,1
letter,D. Appleton & Co.,[receipt],Harvard University Botany Libraries, 1884-02-01,53003304,53003305,Asa Gray correspondence. Senders A,127690,"D. Appleton & Co. Feb. 1, 1884 [receipt]",221343,878725232,,1
letter,D. Appleton & Co.,[receipt],Harvard University Botany Libraries, 1885-02-01,53003306,53003307,Asa Gray correspondence. Senders A,127690,"D. Appleton & Co. Feb. 1, 1885 [receipt]",221343,878725232,,1
letter,"Appleton, Francis H.",[to S. Watson],Harvard University Botany Libraries, 1890-12-13,53003308,53003308,Asa Gray correspondence. Senders A,127690,"Appleton, Francis H. Dec. 13, 1890 [to S. Watson]",221343,878725232,,1
letter,Armstrong & Co.,,Harvard University Botany Libraries, 1885-11-19,53003309,53003309,Asa Gray correspondence. Senders A,127690,"Armstrong & Co. Nov. 19, 1885",221343,878725232,,1
letter,Armstrong & Co.,,Harvard University Botany Libraries, 1885-11-21,53003310,53003310,Asa Gray correspondence. Senders A,127690,"Armstrong & Co. Nov. 21, 1885",221343,878725232,,1
letter,Armstrong & Co.,,Harvard University Botany Libraries, 1886-05-06,53003311,53003312,Asa Gray correspondence. Senders A,127690,"Armstrong & Co. May 6, 1886",221343,878725232,,1
letter,"Arnott, George A.",,Harvard University Botany Libraries, 1838-12-14,53003313,53003315,Asa Gray correspondence. Senders A,127690,"Arnott, George A. Dec. 14, 1838",221343,878725232,,1
letter,"Arnott, George A.",,Harvard University Botany Libraries, 1846-01-19,53003316,53003319,Asa Gray correspondence. Senders A,127690,"Arnott, George A. Jan. 19, 1846",221343,878725232,,1
letter,"Arnott, George A.",,Harvard University Botany Libraries, 1859-05-07,53003320,53003321,Asa Gray correspondence. Senders A,127690,"Arnott, George A. May 7, 1859",221343,878725232,,1
letter,"Arthur, Joseph C.",[to J. Gray],Harvard University Botany Libraries, 1888-11-10,53003322,53003322,Asa Gray correspondence. Senders A,127690,"Arthur, Joseph C. Nov. 10, 1888 [to J. Gray]",221343,878725232,,1
letter,"Arthur, Joseph C.",[to S. Watson],Harvard University Botany Libraries, 1890-10-20,53003323,53003323,Asa Gray correspondence. Senders A,127690,"Arthur, Joseph C. Oct. 20, 1890 [to S. Watson]",221343,878725232,,1
letter,"Arthur, Joseph C.",[to S. Watson],Harvard University Botany Libraries, 1890-12-05,53003324,53003324,Asa Gray correspondence. Senders A,127690,"Arthur, Joseph C. Dec. 5, 1890 [to S. Watson]",221343,878725232,,1
letter,"Arthur, Joseph C.",[to J. A. Allen],Harvard University Botany Libraries, 1893-01-10,53003325,53003325,Asa Gray correspondence. Senders A,127690,"Arthur, Joseph C. Jan. 10, 1893 [to J. A. Allen]",221343,878725232,,1
letter,"Ascherson, Paul F.",,Harvard University Botany Libraries, 1873-08-18,53003326,53003327,Asa Gray correspondence. Senders A,127690,"Ascherson, Paul F. Aug. 18, 1873",221343,878725232,,1
letter,"Ascherson, Paul F.",,Harvard University Botany Libraries, 1881-05-09,53003328,53003329,Asa Gray correspondence. Senders A,127690,"Ascherson, Paul F. May 9, 1881",221343,878725232,,1
letter,"Austin, Coe F.",,Harvard University Botany Libraries, 1866-02-21,53003330,53003331,Asa Gray correspondence. Senders A,127690,"Austin, Coe F. Feb. 21, 1866",221343,878725232,,1
letter,"Austin, Coe F.",,Harvard University Botany Libraries, 1866-09-08,53003332,53003333,Asa Gray correspondence. Senders A,127690,"Austin, Coe F. Sept. 8, 1866",221343,878725232,,1
letter,"Austin, Coe F.",,Harvard University Botany Libraries, 1873-07-19,53003334,53003335,Asa Gray correspondence. Senders A,127690,"Austin, Coe F. July 19, 1873",221343,878725232,,1
letter,"Austin, Coe F.",,Harvard University Botany Libraries, 1873-09-23,53003336,53003337,Asa Gray correspondence. Senders A,127690,"Austin, Coe F. Sept. 23, 1873",221343,878725232,,1
letter,"Austin, Coe F.",,Harvard University Botany Libraries, 1876-01-03,53003338,53003341,Asa Gray correspondence. Senders A,127690,"Austin, Coe F. Jan. 3, 1876",221343,878725232,,1
letter,"Austin, Coe F.",[to S. Watson] [postcard],Harvard University Botany Libraries, 1878-10-28,53003342,53003343,Asa Gray correspondence. Senders A,127690,"Austin, Coe F. Oct. 28, 1878 [to S. Watson] [postcard]",221343,878725232,,1
letter,"Austin, Coe F.",[to S. Watson],Harvard University Botany Libraries, 1879-11-29,53003344,53003345,Asa Gray correspondence. Senders A,127690,"Austin, Coe F. Nov. 29, 1879 [to S. Watson]",221343,878725232,,1
letter,"Austin, Coe F.",[to S. Watson] [postcard],Harvard University Botany Libraries, 1879-12-05,53003346,53003347,Asa Gray correspondence. Senders A,127690,"Austin, Coe F. Dec. 5, 1879 [to S. Watson] [postcard]",221343,878725232,,1
letter,"Austin, Coe F.",[to S. Watson],Harvard University Botany Libraries, 1879-12-24,53003348,53003349,Asa Gray correspondence. Senders A,127690,"Austin, Coe F. Dec. 24, 1879 [to S. Watson]",221343,878725232,,1
letter,"Austin, Coe F.",[to S. Watson],Harvard University Botany Libraries, 1880-02-22,53003350,53003351,Asa Gray correspondence. Senders A,127690,"Austin, Coe F. Feb. 22, 1880 [to S. Watson]",221343,878725232,,1
letter,"Austin, Coe F.",[to S. Watson],Harvard University Botany Libraries, 1880-03-04,53003352,53003354,Asa Gray correspondence. Senders A,127690,"Austin, Coe F. Mar. 4, 1880 [to S. Watson]",221343,878725232,,1
letter,"Austin, Coe F.",[to S. Watson] [postcard],Harvard University Botany Libraries, 1880-03-06,53003355,53003356,Asa Gray correspondence. Senders A,127690,"Austin, Coe F. Mar. 6, 1880 [to S. Watson] [postcard]",221343,878725232,,1
letter,"Austin, Hannah C.",[1880],Harvard University Botany Libraries,undated,53003357,53003357,Asa Gray correspondence. Senders A,127690,"Austin, Hannah C. undated [1880]",221343,878725232,,1
letter,"Austin, Coe F.",[to S. Watson],Harvard University Botany Libraries,undated,53003358,53003358,Asa Gray correspondence. Senders A,127690,"Austin, Coe F. undated [to S. Watson]",221343,878725232,,1
letter,"Austin, Hannah C.",[no year],Harvard University Botany Libraries,04-29,53003359,53003359,Asa Gray correspondence. Senders A,127690,"Austin, Hannah C. Apr. 29 [no year]",221343,878725232,,1
letter,"Austin, Coe F.",[to S. Watson],Harvard University Botany Libraries,undated,53003360,53003360,Asa Gray correspondence. Senders A,127690,"Austin, Coe F. undated [to S. Watson]",221343,878725232,,1
letter,"Austin, Coe F.",[no year] [to S. Watson] [postcard],Harvard University Botany Libraries,11-19,53003361,53003362,Asa Gray correspondence. Senders A,127690,"Austin, Coe F. Nov. 19 [no year] [to S. Watson] [postcard]",221343,878725232,,1
letter,"Austin, Rebecca M.",,Harvard University Botany Libraries, 1875-05-11,53003363,53003364,Asa Gray correspondence. Senders A,127690,"Austin, Rebecca M. May 11, 1875",221343,878725232,,1
letter,"Austin, Rebecca M.",,Harvard University Botany Libraries, 1875-08-01,53003365,53003366,Asa Gray correspondence. Senders A,127690,"Austin, Rebecca M. Aug. 1, 1875",221343,878725232,,1
letter,"Austin, Rebecca M.",[to G. E. Davenport],Harvard University Botany Libraries, 1875-10-24,53003367,53003368,Asa Gray correspondence. Senders A,127690,"Austin, Rebecca M. Oct. 24, 1875 [to G. E. Davenport]",221343,878725232,,1
letter,"Austin, Rebecca M.",,Harvard University Botany Libraries, 1876-04-08,53003369,53003370,Asa Gray correspondence. Senders A,127690,"Austin, Rebecca M. Apr. 8, 1876",221343,878725232,,1
letter,"Austin, Rebecca M.",[to G. E. Davenport],Harvard University Botany Libraries, 1876-04-24,53003371,53003372,Asa Gray correspondence. Senders A,127690,"Austin, Rebecca M. Apr. 24, 1876 [to G. E. Davenport]",221343,878725232,,1
letter,"Austin, Rebecca M.",,Harvard University Botany Libraries, 1876-06-06,53003373,53003374,Asa Gray correspondence. Senders A,127690,"Austin, Rebecca M. June 6, 1876",221343,878725232,,1
letter,"Austin, Rebecca M.",,Harvard University Botany Libraries, 1876-07-15,53003375,53003376,Asa Gray correspondence. Senders A,127690,"Austin, Rebecca M. July 15, 1876",221343,878725232,,1
letter,"Austin, Rebecca M.",[to G. E. Davenport],Harvard University Botany Libraries, 1876-08-07,53003377,53003378,Asa Gray correspondence. Senders A,127690,"Austin, Rebecca M. Aug. 7, 1876 [to G. E. Davenport]",221343,878725232,,1
letter,"Austin, Rebecca M.",,Harvard University Botany Libraries, 1876-08-16,53003379,53003380,Asa Gray correspondence. Senders A,127690,"Austin, Rebecca M. Aug. 16, 1876",221343,878725232,,1
letter,"Austin, Rebecca M.",,Harvard University Botany Libraries, 1877-09-22,53003381,53003382,Asa Gray correspondence. Senders A,127690,"Austin, Rebecca M. Sept. 22, 1877",221343,878725232,,1
letter,"Austin, Rebecca M.",[to G. E. Davenport],Harvard University Botany Libraries, 1878-03-21,53003383,53003384,Asa Gray correspondence. Senders A,127690,"Austin, Rebecca M. Mar. 21, 1878 [to G. E. Davenport]",221343,878725232,,1
letter,"Austin, Rebecca M.",[to G. E. Davenport],Harvard University Botany Libraries, 1878-05-20,53003385,53003386,Asa Gray correspondence. Senders A,127690,"Austin, Rebecca M. May 20, 1878 [to G. E. Davenport]",221343,878725232,,1
letter,"Austin, Rebecca M.",[to S. Watson],Harvard University Botany Libraries, 1878-07-11,53003387,53003388,Asa Gray correspondence. Senders A,127690,"Austin, Rebecca M. July 11, 1878 [to S. Watson]",221343,878725232,,1
letter,"Austin, Rebecca M.",,Harvard University Botany Libraries, 1878-09-17,53003389,53003390,Asa Gray correspondence. Senders A,127690,"Austin, Rebecca M. Sept. 17, 1878",221343,878725232,,1
letter,"Austin, Rebecca M.",[to S. Watson],Harvard University Botany Libraries, 1878-04-26,53003391,53003392,Asa Gray correspondence. Senders A,127690,"Austin, Rebecca M. Apr. 26, 1878 [to S. Watson]",221343,878725232,,1
letter,"Austin, Rebecca M.",[to S. Watson],Harvard University Botany Libraries, 1881-06-06,53003393,53003394,Asa Gray correspondence. Senders A,127690,"Austin, Rebecca M. June 6, 1881 [to S. Watson]",221343,878725232,,1
letter,"Austin, Rebecca M.",[to S. Watson],Harvard University Botany Libraries, 1881-07-21,53003395,53003396,Asa Gray correspondence. Senders A,127690,"Austin, Rebecca M. July 21, 1881 [to S. Watson]",221343,878725232,,1
letter,"Austin, Rebecca M.",[to S. Watson],Harvard University Botany Libraries, 1882-08-12,53003397,53003398,Asa Gray correspondence. Senders A,127690,"Austin, Rebecca M. Aug. 12, 1882 [to S. Watson]",221343,878725232,,1
letter,"Autran, Eugene J.",[to S. Watson],Harvard University Botany Libraries, 1889-02-27,53003399,53003399,Asa Gray correspondence. Senders A,127690,"Autran, Eugene J. Feb. 27, 1889 [to S. Watson]",221343,878725232,,1
letter,"Autran, Eugene J.",[to S. Watson],Harvard University Botany Libraries, 1889-04-09,53003400,53003400,Asa Gray correspondence. Senders A,127690,"Autran, Eugene J. Apr. 9, 1889 [to S. Watson]",221343,878725232,,1
letter,"Autran, Eugene J.",[to S. Watson],Harvard University Botany Libraries, 1890-01-15,53003401,53003401,Asa Gray correspondence. Senders A,127690,"Autran, Eugene J. Jan. 15, 1890 [to S. Watson]",221343,878725232,,1
letter,"Autran, Eugene J.",[to S. Watson],Harvard University Botany Libraries, 1890-02-20,53003402,53003402,Asa Gray correspondence. Senders A,127690,"Autran, Eugene J. Feb. 20, 1890 [to S. Watson]",221343,878725232,,1
letter,"Autran, Eugene J.",[to S. Watson],Harvard University Botany Libraries, 1890-07-12,53003403,53003403,Asa Gray correspondence. Senders A,127690,"Autran, Eugene J. July 12, 1890 [to S. Watson]",221343,878725232,,1
letter,"Autran, Eugene J.",[to S. Watson],Harvard University Botany Libraries, 1890-08-15,53003404,53003405,Asa Gray correspondence. Senders A,127690,"Autran, Eugene J. Aug. 15, 1890 [to S. Watson]",221343,878725232,,1
letter,"Autran, Eugene J.",[to S. Watson],Harvard University Botany Libraries, 1890-12-19,53003406,53003407,Asa Gray correspondence. Senders A,127690,"Autran, Eugene J. Dec. 19, 1890 [to S. Watson]",221343,878725232,,1
letter,"Autran, Eugene J.",[to S. Watson],Harvard University Botany Libraries, 1891-07-22,53003408,53003408,Asa Gray correspondence. Senders A,127690,"Autran, Eugene J. July 22, 1891 [to S. Watson]",221343,878725232,,1
letter,"Autran, Eugene J.",[to S. Watson],Harvard University Botany Libraries, 1891-08-22,53003409,53003410,Asa Gray correspondence. Senders A,127690,"Autran, Eugene J. Aug. 22, 1891 [to S. Watson]",221343,878725232,,1
letter,"Autran, Eugene J.",[to B. L. Robinson],Harvard University Botany Libraries, 1894-06-01,53003411,53003411,Asa Gray correspondence. Senders A,127690,"Autran, Eugene J. June 1, 1894 [to B. L. Robinson]",221343,878725232,,1